Candidate IDs,0,1,2,3,4,5,6,7,8,9,10,11,12,13,14,15,16,17,18,19,20,21,22,23,24,25,26,27,28,29,30,31,32,33,34,35,36,37,38,39,40,41,42,43,44,45,46,47,48,49,50,51,52,53,54,55,56,57,58,59,60,61,62,63,64,65,66,67,68,69,70,71,72,73,74,75,76,77,78,79,80,81,82,83,84,85,86,87,88,89,90,91,92,93,94,95,96,97,98,99
0,1.79,2.01,1.38,2.41,2.13,1.87,1.54,2.05,1.93,2.05,2.8,2.11,0.76,0.82,1.63,0.8,2.62,1.08,0.94,2.31,2.69,1.8,1.59,2.11,0.81,0.95,1.3,2.13,2.06,0.89,1.21,1.61,1.43,0.88,0.78,0.9,1.61,1.24,2.49,1.46,1.65,0.94,0.91,1.66,1.28,1.52,2.09,2.91,1.96,1.99,2.24,0.96,2.83,1.58,0.86,2.69,1.54,1.28,1.67,2.11,1.28,1.49,2.28,1.73,1.8,1.99,1.71,0.88,2.31,1.67,2.05,1.22,1.55,1.97,1.7,1.71,1.94,1.78,1.68,1.56,2.8,1.97,1.01,1.91,2.34,2.69,1.6,1.69,1.53,1.83,0.94,2.2,2.12,2.34,1.61,2.38,2.45,1.42,2.08,1.48
1,1.23,1.22,1.06,1.34,1.56,1.4,1.18,1.98,1.16,1.62,1.7,1.22,1.18,1.63,1.23,1.36,1.05,1.61,0.95,1.49,1.72,1.57,2.06,1.66,1.71,1.16,1.61,0.83,0.92,1.58,1.58,1.84,1.5,1.43,1.44,1.49,1.25,1.88,1.57,1.7,2.33,0.84,0.94,0.93,0.79,1.42,1.82,0.94,2.06,2.06,0.78,1.07,2.31,1.22,1.69,1.56,1.67,1.11,1.05,1.99,1.65,1.55,1.42,1.07,1.57,1.06,1.9,1.38,1.51,1.88,1.6,1.28,1.0,1.23,1.19,1.2,1.55,0.8,0.76,1.88,1.28,1.02,0.82,0.94,1.64,0.87,1.54,2.29,1.6,1.13,1.23,2.45,2.33,1.5,0.97,2.47,2.06,1.62,1.78,1.23
2,1.51,1.0,1.6,0.93,0.9,1.3,1.18,1.83,0.77,1.61,1.5,1.26,0.79,0.97,1.05,0.99,1.13,1.36,2.18,1.71,1.72,0.84,1.04,1.47,0.83,1.42,1.23,2.03,1.36,1.41,1.42,2.63,1.68,1.51,0.95,1.17,1.35,0.88,1.65,1.94,1.84,1.72,1.43,1.43,1.27,0.98,1.16,1.01,2.32,1.6,1.02,1.36,2.18,1.71,2.05,2.47,1.52,1.34,1.71,2.0,1.68,2.43,0.88,1.54,1.26,2.06,2.43,1.34,1.53,2.01,0.94,1.21,1.04,1.71,1.17,1.34,0.81,1.41,1.56,1.56,1.05,0.87,1.75,1.46,1.19,1.47,2.79,1.99,0.94,0.94,1.94,1.3,1.7,2.07,1.05,1.95,1.8,1.68,1.17,0.75
3,1.71,2.42,2.09,1.96,1.92,2.45,2.07,1.67,2.83,2.47,1.96,2.36,2.66,2.23,1.67,2.48,1.84,1.52,2.39,2.08,2.02,2.48,1.84,2.04,2.83,2.46,2.12,1.76,1.78,2.47,2.23,1.76,2.12,2.87,2.35,1.68,2.05,2.32,1.69,1.67,2.47,2.02,2.19,1.56,1.95,2.37,2.13,2.38,2.46,2.36,1.9,1.97,1.63,2.46,2.09,2.36,2.08,2.29,2.98,1.52,2.27,2.45,1.52,1.65,2.09,1.79,1.97,2.39,1.84,1.98,2.16,2.21,2.28,2.24,2.11,2.16,1.54,1.72,2.38,1.89,2.37,2.06,2.11,1.74,2.13,2.4,1.8,2.4,1.79,1.95,1.72,1.96,2.32,1.53,2.28,2.02,2.01,1.66,2.05,2.36
4,2.2,2.1,1.72,1.66,2.36,1.87,2.07,2.21,2.08,1.61,2.29,2.11,1.78,1.96,1.87,2.26,2.08,2.16,2.06,1.6,1.93,2.15,2.05,2.41,2.03,2.42,1.97,2.11,1.98,2.21,2.77,2.18,2.47,1.74,1.77,1.57,2.22,2.41,1.71,2.47,2.28,2.24,1.88,1.87,2.79,2.38,1.98,1.55,2.13,2.03,1.72,1.87,1.83,2.3,2.05,1.76,2.11,1.93,1.63,2.31,1.59,2.15,1.62,2.3,2.1,2.61,1.9,2.03,1.72,1.6,1.61,1.85,1.58,2.43,2.42,1.79,2.49,2.57,2.35,1.61,1.75,2.46,2.15,2.93,2.37,2.45,2.47,2.05,2.1,2.05,1.51,1.81,2.29,1.58,1.77,2.49,2.3,2.23,1.58,2.09
5,2.5,2.65,2.36,2.17,2.82,1.96,2.09,2.3,2.01,2.0,2.24,1.79,2.37,2.23,1.62,1.73,2.76,1.92,1.85,2.27,2.14,2.24,1.98,2.64,2.29,2.07,1.81,2.49,2.72,1.65,1.76,2.36,2.42,1.6,1.73,1.7,2.2,2.07,1.82,1.11,2.23,2.13,2.34,2.05,1.71,1.64,1.85,2.27,1.81,1.68,2.74,2.47,2.37,2.24,1.82,2.87,1.82,1.94,1.7,2.89,1.75,2.24,1.56,2.47,2.34,1.95,2.02,1.77,2.36,1.66,1.66,1.82,2.14,2.34,1.71,2.1,1.78,2.44,2.3,1.91,2.15,2.91,1.65,2.25,1.83,2.82,1.9,1.79,1.5,2.09,1.09,2.15,1.9,2.09,2.18,1.9,1.75,2.42,2.4,2.4
6,0.95,1.51,2.03,0.94,1.32,2.15,1.64,1.14,1.39,0.9,1.71,1.91,2.69,2.02,1.54,1.8,1.04,1.75,1.58,0.92,0.77,1.64,2.08,1.82,2.22,2.29,1.92,1.09,0.82,2.65,1.81,1.14,2.14,2.25,1.62,1.7,2.17,1.57,1.72,1.79,1.24,1.59,2.3,1.7,1.95,2.38,1.27,0.89,1.61,1.75,0.82,1.7,1.55,1.61,1.9,1.5,2.08,1.7,1.78,1.46,2.29,2.23,1.5,0.83,1.18,1.33,1.56,1.89,1.34,1.3,2.1,1.55,2.41,1.46,2.18,2.37,1.3,1.69,1.82,1.35,1.22,1.85,1.5,1.2,1.52,1.11,1.45,0.86,1.9,1.72,2.09,1.13,1.38,1.37,1.29,0.96,1.34,2.15,2.03,1.99
7,1.67,1.52,1.29,1.65,1.52,2.43,2.02,2.17,2.3,1.73,2.07,1.95,1.17,1.47,2.68,0.88,1.95,1.89,1.37,2.65,1.81,2.75,1.04,0.8,1.54,0.95,1.53,1.54,1.74,1.04,1.42,1.82,1.6,1.66,1.75,1.34,1.16,1.48,2.43,1.42,1.63,1.34,1.12,1.42,0.77,1.7,1.8,2.37,2.23,1.92,1.77,1.73,1.92,1.69,1.45,1.53,1.32,1.27,1.67,2.17,1.74,1.08,1.98,2.01,2.23,2.24,2.95,1.0,2.19,2.81,1.84,1.0,1.38,2.02,1.95,1.32,2.2,2.07,1.49,2.32,2.31,0.96,1.6,1.91,1.51,1.7,2.1,1.68,1.25,2.11,1.1,1.8,1.82,2.02,2.22,2.41,1.82,1.72,1.11,1.7
8,1.59,1.37,2.37,0.86,0.99,2.1,1.49,0.84,1.29,1.01,1.72,2.24,2.23,1.88,1.21,2.13,1.08,1.57,1.97,1.53,1.48,1.68,2.41,2.27,2.71,2.69,2.49,1.7,1.51,2.39,1.51,1.32,1.64,2.48,2.42,2.24,2.05,2.1,0.86,2.14,1.61,1.55,2.73,2.49,2.23,2.17,1.31,1.66,1.51,2.16,1.74,2.38,1.2,0.89,1.55,1.09,2.39,2.29,1.95,1.11,1.87,1.8,1.58,1.57,1.51,1.02,1.67,2.28,1.43,1.49,1.3,2.09,2.46,1.95,2.06,1.57,0.96,1.38,2.42,1.74,1.49,1.91,2.45,1.42,1.8,0.89,0.83,1.6,2.23,1.05,1.61,1.53,1.68,1.33,1.24,0.84,0.96,1.86,2.05,1.62
9,1.92,0.93,2.42,1.36,1.65,1.02,1.29,2.22,1.33,0.96,1.22,0.83,2.48,2.27,1.69,1.93,1.07,2.4,2.88,1.58,0.84,1.11,1.62,2.22,1.9,2.13,1.84,1.41,0.91,2.03,2.47,2.22,2.32,2.12,1.74,2.41,1.76,2.39,1.51,1.5,1.85,1.53,2.32,2.16,2.02,2.12,1.57,1.75,2.37,2.1,1.61,2.12,1.82,0.88,3.0,2.13,1.7,1.83,1.33,2.21,2.21,1.83,0.77,1.14,1.04,1.77,2.02,1.98,1.22,1.98,1.53,2.49,2.06,1.33,1.07,1.07,1.29,1.52,2.12,0.77,1.62,2.12,2.41,1.61,1.73,1.08,2.87,1.95,2.17,1.04,1.86,1.61,1.62,1.86,1.31,2.17,1.76,2.15,1.4,1.58
10,2.35,1.5,1.58,1.93,1.59,1.54,1.82,1.29,2.11,2.24,1.77,2.88,2.26,1.84,2.11,1.67,1.58,2.25,1.91,2.56,2.18,2.48,2.43,2.39,2.19,2.24,2.36,1.5,1.81,1.95,1.72,1.32,1.89,1.51,2.05,2.22,1.74,1.86,2.02,1.83,1.11,2.27,1.96,2.28,1.62,2.71,1.92,1.93,1.37,1.05,2.08,2.83,1.61,1.93,1.7,1.47,2.34,2.98,2.28,1.28,2.47,1.82,1.83,2.22,1.86,2.39,1.44,1.62,2.06,1.98,2.16,2.01,2.3,2.31,2.3,2.3,1.9,1.69,1.83,2.31,2.19,2.3,2.04,2.0,2.31,1.62,1.07,1.52,1.79,1.61,2.37,1.6,1.13,1.16,1.62,0.78,1.34,1.91,2.33,2.35
11,2.1,2.36,1.76,2.2,2.31,2.07,2.65,1.86,2.81,1.68,1.78,1.69,2.12,1.63,2.49,1.69,2.26,1.99,1.52,2.2,2.27,2.43,1.88,2.27,2.6,2.81,2.2,2.36,1.85,2.94,1.58,2.04,1.96,2.95,1.5,1.68,1.78,2.37,1.75,1.91,1.9,1.92,2.09,1.75,1.56,1.75,2.0,2.25,1.76,2.83,2.42,2.29,1.85,1.78,2.17,2.06,1.7,2.11,2.21,1.62,2.12,1.92,1.69,2.45,1.51,2.1,1.93,2.33,1.63,2.3,2.2,2.13,2.81,2.42,2.8,1.69,2.24,2.29,1.67,1.85,2.45,2.28,1.77,1.94,2.87,1.85,1.76,1.84,2.48,2.2,1.72,2.0,2.15,1.84,1.81,2.17,2.48,2.04,1.67,1.87
12,1.71,1.67,2.12,2.24,1.8,2.19,1.78,2.16,1.91,2.45,1.73,2.08,1.62,1.6,1.71,1.68,2.3,1.62,1.92,2.05,2.26,2.13,2.25,1.51,2.25,2.42,2.1,1.83,1.64,2.14,1.93,1.64,2.16,2.26,1.95,2.36,2.22,2.65,2.81,1.57,2.37,2.37,1.6,2.02,2.16,1.8,2.16,2.21,2.28,2.31,2.1,2.44,1.82,1.65,2.39,2.34,1.54,2.08,1.96,2.12,2.25,2.43,2.35,1.51,1.68,1.59,1.72,1.81,2.29,2.43,1.94,2.58,2.27,2.14,2.46,2.03,2.82,1.85,2.14,2.01,1.84,1.91,2.45,2.37,1.57,1.51,2.08,1.63,2.79,1.99,2.16,1.98,2.51,2.23,1.8,1.98,2.94,1.75,2.83,1.56
13,2.22,1.5,2.25,2.07,2.25,1.77,1.93,1.64,2.14,2.02,2.32,2.33,2.38,1.76,2.23,2.09,1.96,1.82,2.05,1.95,1.62,2.26,1.54,2.39,2.35,1.74,2.02,2.12,1.88,2.49,2.23,2.06,2.19,1.9,2.06,2.12,2.08,2.4,1.98,2.37,2.19,1.69,2.07,2.21,2.51,2.0,1.64,2.21,2.13,1.91,1.54,1.67,2.14,1.6,2.75,1.69,2.12,1.55,1.59,2.09,2.2,1.73,1.59,1.66,2.08,2.95,2.01,1.78,2.28,2.24,2.48,1.69,2.3,1.65,1.5,2.2,2.1,2.78,2.01,1.99,2.5,1.55,1.67,2.98,2.19,1.94,2.66,2.19,1.55,1.87,1.97,2.35,1.84,1.72,1.68,2.72,2.43,1.65,1.95,2.41
14,2.08,2.21,1.5,2.17,1.9,2.23,1.91,2.35,1.88,2.2,2.5,1.54,1.33,0.91,2.1,1.51,2.31,1.26,1.44,2.38,1.93,2.1,1.43,1.57,0.85,0.98,1.36,2.17,1.82,0.83,1.0,1.79,0.97,1.4,1.2,1.36,1.63,1.58,1.6,1.45,1.58,1.57,0.9,2.02,1.48,1.54,2.25,1.67,1.91,1.68,2.21,1.58,2.18,1.72,0.82,2.01,1.25,2.13,1.65,2.37,1.22,1.73,2.47,2.37,1.7,1.81,2.88,1.02,2.1,2.8,2.19,1.58,1.71,2.44,2.09,1.82,1.87,1.71,1.56,2.49,1.99,1.09,0.81,2.03,1.66,2.0,1.54,1.68,0.8,1.65,1.02,1.56,1.64,2.18,2.47,2.14,2.01,1.6,1.71,1.39
15,2.31,1.73,2.27,1.56,2.28,2.48,2.13,1.9,2.82,1.84,1.68,2.07,2.29,2.06,1.92,1.89,1.6,1.52,2.48,2.41,1.79,2.12,2.44,1.98,2.15,2.66,2.28,1.77,2.21,2.92,2.12,2.48,2.42,2.58,1.93,1.67,2.43,2.07,2.35,1.78,1.53,2.19,2.04,2.37,1.51,2.49,2.14,1.79,2.17,2.38,2.46,2.37,2.49,1.85,2.36,1.8,2.39,2.43,2.84,2.49,2.5,2.22,2.41,1.56,2.21,2.06,2.13,2.32,2.45,1.77,2.42,1.7,2.71,2.14,2.34,2.23,2.19,2.49,1.65,1.94,2.06,2.14,1.8,1.97,2.6,2.34,1.5,2.44,2.31,2.23,2.46,1.73,2.04,1.54,2.08,1.63,1.64,1.5,2.08,2.4
16,1.31,0.94,0.84,1.46,1.69,1.47,1.68,1.62,1.63,2.02,1.64,1.55,1.11,1.8,1.3,1.36,0.9,1.14,0.86,1.1,0.84,0.93,1.05,1.71,1.55,0.99,1.4,1.26,1.68,1.7,1.6,2.38,2.22,1.29,2.15,1.2,1.01,1.54,1.14,2.04,2.59,1.75,1.52,1.17,0.77,1.5,0.94,1.52,2.43,1.61,1.26,1.71,2.01,2.14,1.39,2.19,1.74,1.39,0.92,2.46,1.4,1.51,1.39,2.2,1.78,0.99,1.53,2.04,1.31,1.73,0.99,1.08,1.63,1.35,0.86,1.54,1.38,1.14,1.18,1.73,1.04,0.94,2.23,0.88,1.24,1.53,1.69,2.16,0.94,1.91,2.04,2.32,1.8,2.23,1.99,2.44,2.43,1.23,0.79,1.09
17,2.94,1.51,1.55,1.72,2.33,2.11,1.63,1.57,1.96,1.99,2.31,1.85,1.9,2.31,2.41,1.55,1.81,2.27,3.0,1.9,2.0,1.59,2.38,2.37,2.41,1.7,2.01,2.01,1.88,2.27,2.69,2.63,1.8,1.8,1.75,2.13,1.56,2.37,2.06,2.03,2.24,1.99,1.64,2.39,2.56,2.3,1.63,1.8,1.82,2.15,2.11,1.9,1.93,2.44,2.25,2.39,1.96,1.66,2.43,1.58,2.12,2.19,1.72,1.91,1.78,3.0,1.77,2.0,2.14,1.76,1.71,2.41,2.26,2.26,2.34,1.88,2.31,2.85,2.78,1.63,1.98,1.81,2.16,2.23,1.6,1.77,2.44,1.64,2.25,2.25,1.97,2.46,2.27,2.05,2.45,2.85,1.78,1.56,1.68,2.06
18,1.44,1.23,1.27,1.32,1.67,1.2,1.59,2.11,1.37,1.84,0.78,1.63,1.5,1.61,1.62,1.53,0.92,1.44,0.75,1.17,1.49,0.79,1.15,1.38,0.93,1.54,1.7,1.01,1.61,0.86,1.43,2.29,1.83,1.75,1.7,1.4,1.32,0.8,1.1,2.09,2.16,0.75,1.61,1.07,1.68,1.59,1.3,1.23,2.67,2.26,1.31,1.74,1.83,1.86,1.43,2.29,1.64,1.28,1.62,2.11,2.08,2.1,1.21,2.11,1.44,1.4,1.8,1.51,1.77,1.64,1.1,1.38,0.87,0.97,0.98,1.72,1.65,1.15,1.61,1.06,1.46,1.31,2.93,1.69,0.89,1.38,2.18,2.96,1.71,1.92,2.69,0.98,1.98,2.2,1.48,1.11,2.3,1.2,1.34,1.08
19,1.61,1.2,2.22,1.04,1.65,1.21,1.31,2.21,0.75,1.28,1.54,2.03,1.91,2.27,1.6,2.22,1.44,2.83,2.47,1.76,0.82,1.44,1.96,1.68,1.73,2.16,2.05,1.63,1.56,2.38,2.45,1.46,1.93,2.11,1.91,2.47,1.97,1.72,1.16,2.25,0.85,2.83,2.17,2.2,2.01,2.89,1.68,1.49,1.26,0.88,1.25,2.06,1.57,1.61,1.59,1.6,2.41,2.82,1.7,1.72,2.37,2.39,1.61,1.23,1.35,1.48,2.08,1.61,1.32,1.88,1.64,2.31,1.87,1.59,1.0,2.63,1.61,1.29,1.97,1.66,0.77,2.27,1.51,0.89,0.79,1.34,1.63,0.75,2.29,1.59,1.66,1.44,0.78,0.98,0.87,0.99,1.21,1.88,1.87,2.16
20,2.06,2.32,1.27,1.67,2.46,1.83,2.33,2.09,1.56,1.6,1.73,1.45,1.57,0.98,2.94,0.85,1.87,1.73,1.38,2.77,1.96,2.28,1.52,1.18,1.62,1.45,1.61,2.12,1.54,1.32,1.28,1.82,1.23,1.05,1.52,0.98,1.16,1.01,1.58,0.8,2.06,1.71,1.73,1.47,1.57,2.12,1.52,1.89,2.23,2.0,2.36,1.79,2.21,2.5,1.43,2.12,1.71,1.87,1.98,1.98,1.69,0.81,2.0,1.99,2.28,2.39,2.38,0.84,1.65,2.28,2.29,1.34,1.29,2.25,2.49,2.04,1.63,2.41,1.31,2.27,2.27,1.35,1.47,2.4,2.19,2.27,2.37,1.72,1.02,2.47,0.88,1.99,2.06,2.09,2.16,1.8,1.75,1.52,1.62,0.99
21,1.73,1.29,1.98,1.31,1.48,0.84,1.71,2.41,1.56,1.65,1.6,1.66,1.56,1.91,1.52,1.83,1.51,2.75,2.0,2.13,1.61,1.71,2.26,2.15,1.66,1.99,2.47,0.95,1.72,1.87,2.25,2.35,1.63,1.62,1.91,2.05,2.09,2.32,1.64,2.19,1.96,2.91,2.15,2.64,1.67,2.99,1.26,0.9,2.19,2.48,0.94,2.41,1.64,0.76,2.21,1.72,2.34,2.75,1.72,1.88,2.37,2.37,0.85,1.26,1.06,1.63,2.48,2.28,1.72,2.42,0.89,2.38,1.61,1.63,1.41,1.81,1.08,1.0,1.9,1.3,0.89,1.89,1.73,1.34,1.53,1.16,2.26,2.49,2.09,1.28,1.89,1.3,2.25,1.6,1.22,1.17,2.34,2.17,0.76,2.03
0,1.91,2.54,1.46,2.14,2.23,1.61,1.63,2.25,1.93,1.96,2.07,2.08,1.65,0.9,1.75,1.69,2.51,1.36,1.01,2.08,2.7,2.0,0.98,2.21,0.83,1.45,1.1,1.95,2.11,1.03,1.25,2.43,1.67,1.28,1.42,1.13,1.7,1.24,1.77,1.7,1.73,0.96,1.28,1.3,1.4,1.1,2.01,2.99,2.24,1.86,2.76,0.83,2.07,2.48,1.64,2.02,1.96,1.02,2.46,2.4,1.13,1.73,2.21,1.55,1.69,1.6,1.62,1.54,1.95,2.3,2.11,1.42,0.8,1.93,2.32,1.87,2.42,1.69,1.1,2.03,2.07,1.68,0.83,1.74,1.77,2.44,2.04,1.83,1.66,1.57,1.42,2.42,2.31,2.49,2.24,1.79,1.93,2.06,2.36,1.48
1,1.61,0.95,1.57,1.32,1.11,1.74,1.14,2.12,0.8,0.76,1.29,1.41,1.4,1.05,1.22,0.84,1.11,0.85,1.47,1.45,1.45,1.35,1.34,1.58,1.23,1.58,1.5,0.95,0.81,1.1,0.81,2.15,1.51,0.81,1.09,1.67,1.01,2.06,1.75,1.11,1.68,1.14,1.44,0.82,0.95,1.22,1.68,0.85,2.04,2.45,0.96,1.28,2.05,1.43,1.17,1.6,1.31,1.58,0.99,1.55,1.63,1.2,1.43,1.47,1.16,0.99,1.73,1.33,1.47,2.47,1.59,1.89,1.33,0.92,0.96,1.42,1.97,1.05,1.74,1.41,1.68,1.49,0.81,1.24,0.86,0.82,1.93,1.69,1.63,0.9,1.46,2.43,2.97,1.68,1.42,2.29,2.63,0.94,2.13,1.14
2,2.22,1.43,1.1,0.82,1.43,1.24,1.57,1.59,1.55,1.33,1.0,0.76,1.52,1.38,1.46,1.09,1.61,1.21,1.4,1.56,1.24,1.08,1.75,1.21,0.99,1.71,1.59,1.98,1.63,1.13,1.43,2.95,0.85,0.84,1.25,1.53,1.49,1.7,1.68,1.71,1.87,0.94,1.43,1.34,1.52,1.72,1.2,1.48,1.92,1.98,1.04,1.15,2.0,0.92,1.71,1.9,2.4,1.54,0.85,1.97,1.28,2.28,1.51,1.3,0.92,1.77,1.89,1.33,1.14,2.5,1.6,0.97,1.68,0.84,1.14,1.1,0.85,1.9,1.44,1.48,1.53,1.57,1.6,2.21,1.38,1.66,2.41,1.65,0.87,1.56,1.79,1.7,2.17,1.96,1.53,1.55,1.52,1.09,1.15,1.58
3,2.12,2.06,2.39,1.7,1.96,2.17,2.12,2.44,2.24,1.67,2.43,1.92,2.89,2.36,1.84,1.96,1.89,1.93,2.13,1.65,1.89,2.29,1.85,2.06,2.72,2.81,1.94,2.1,1.53,2.84,2.43,2.15,1.88,2.75,1.87,1.55,1.75,1.68,2.21,2.29,1.83,1.57,2.02,2.46,2.07,1.87,2.22,1.66,2.48,2.92,2.48,2.4,2.08,1.89,1.67,2.47,2.48,1.56,2.52,2.44,1.55,2.45,1.97,2.41,2.04,2.44,2.3,1.58,1.63,2.14,2.43,1.63,2.01,2.97,2.72,2.32,2.1,2.25,1.82,1.51,2.18,2.2,1.67,1.58,2.15,1.94,1.8,1.51,1.76,2.19,1.82,2.25,1.7,2.2,1.74,1.83,2.48,1.76,1.75,2.35
4,2.82,1.86,2.27,2.15,1.65,2.15,2.19,1.61,2.43,2.01,1.58,1.88,2.25,1.8,1.87,2.23,2.21,2.11,2.83,1.59,1.83,2.07,1.78,1.61,1.6,2.03,1.98,2.74,1.89,2.21,2.06,2.99,2.15,1.96,2.36,1.97,1.92,1.86,1.99,2.21,2.03,2.43,1.85,2.38,2.92,1.62,2.22,2.03,1.91,1.73,2.03,2.08,2.09,1.81,2.46,2.14,1.97,2.47,2.41,2.12,2.41,2.06,1.75,2.49,2.31,2.7,1.71,1.55,2.39,1.93,2.38,1.55,1.78,2.4,2.16,2.15,1.73,2.86,2.48,2.22,1.58,2.34,2.16,2.74,1.99,1.64,2.31,1.68,1.79,2.02,1.91,1.76,1.73,1.73,2.05,2.52,2.25,2.46,2.15,1.92
5,2.41,2.21,2.13,2.25,2.23,1.81,1.5,1.76,2.21,1.7,2.23,1.72,1.73,1.77,2.29,2.48,2.69,2.1,1.69,2.45,2.64,2.26,1.69,2.54,2.09,2.41,1.87,2.43,2.83,2.21,1.56,1.82,1.98,1.93,1.53,1.72,2.48,1.54,1.81,1.59,1.86,2.34,1.79,1.66,2.28,2.05,1.82,2.27,2.38,1.86,2.84,2.29,2.99,1.7,1.9,2.86,2.16,2.17,1.73,2.39,1.56,1.42,2.36,1.62,2.21,1.6,1.71,2.19,2.3,1.51,1.96,1.88,1.79,2.03,1.58,2.25,1.79,2.38,2.05,1.64,2.13,2.48,0.83,2.09,2.14,2.2,1.88,2.15,2.13,2.04,1.6,2.92,1.95,2.89,1.96,1.65,1.94,2.92,1.57,2.37
6,1.69,1.7,2.31,0.92,1.42,1.62,2.03,1.38,2.09,0.91,1.66,1.72,2.84,2.4,0.99,1.8,0.97,2.07,1.62,0.9,1.02,1.48,1.93,2.12,2.08,2.84,1.55,1.67,0.88,2.09,2.1,1.74,1.53,2.17,1.58,2.21,1.9,1.62,1.23,1.77,0.81,2.36,2.0,2.44,1.78,1.78,1.14,1.33,0.78,1.28,1.54,2.41,1.24,1.45,1.78,1.74,1.69,1.95,2.06,1.27,2.35,1.76,1.32,1.26,1.71,1.29,0.96,1.78,1.24,1.36,1.39,1.75,2.28,2.06,1.54,2.22,1.44,1.74,1.66,1.63,0.87,1.73,2.25,1.44,2.03,1.04,1.08,0.81,2.39,1.09,2.09,1.66,1.17,1.05,1.03,1.71,1.02,2.34,2.16,1.96
7,2.27,1.88,1.13,2.18,1.74,2.4,1.74,2.08,1.52,2.17,1.73,1.34,1.21,0.85,2.77,1.26,2.5,1.55,1.53,2.35,1.96,2.08,0.77,1.17,1.31,1.03,1.93,1.77,2.42,1.05,1.31,2.09,0.9,1.68,1.29,1.3,0.88,1.13,2.38,1.14,2.04,1.33,1.25,1.51,1.49,1.34,2.03,2.11,1.51,2.38,2.42,1.54,2.28,1.51,1.72,2.19,1.67,1.4,1.51,1.96,1.23,1.69,1.75,2.1,2.11,2.17,2.37,0.88,1.7,2.35,1.9,1.7,0.84,2.38,2.38,1.7,1.94,1.64,1.66,1.81,1.77,1.45,1.17,1.76,1.73,2.08,1.66,1.6,1.0,1.65,1.38,2.12,1.9,2.36,2.16,1.98,1.55,0.81,1.16,1.37
8,0.85,1.68,2.33,0.99,0.83,1.89,1.33,0.94,1.55,1.69,1.55,2.05,2.95,1.51,0.81,2.49,1.11,2.48,1.84,1.68,1.25,1.07,2.29,2.33,2.69,2.4,2.17,1.15,1.41,2.94,1.66,1.11,2.3,2.43,2.49,2.24,2.3,1.62,1.62,2.09,1.43,1.69,2.45,2.01,2.34,1.99,1.7,1.36,1.02,2.1,0.81,1.91,1.1,1.35,1.55,1.37,1.71,2.21,1.39,0.99,1.58,1.54,1.41,1.56,1.31,1.45,1.4,1.93,0.83,1.1,1.34,1.98,2.83,2.0,1.3,1.65,1.56,1.18,2.25,1.05,0.76,2.21,2.09,1.72,2.16,1.53,1.41,1.5,1.62,1.14,1.81,1.73,1.24,1.09,1.09,1.3,1.66,2.48,1.78,2.37
9,1.32,1.05,1.66,0.92,1.66,1.33,0.77,1.99,1.63,1.61,1.66,1.11,1.8,1.84,1.05,2.41,1.21,1.58,2.32,1.66,1.51,0.79,2.42,1.77,1.72,1.67,2.06,1.99,1.36,2.31,2.86,2.37,1.59,2.02,1.71,1.57,1.99,1.85,1.26,1.52,2.08,1.75,1.96,1.89,2.44,2.21,1.23,0.81,2.1,1.9,1.6,2.16,1.73,1.24,2.71,1.73,2.0,2.09,1.28,2.33,1.79,1.9,1.11,0.93,1.5,1.77,1.88,2.0,0.96,2.17,1.6,1.82,2.03,1.35,1.1,1.54,1.16,1.79,2.3,0.89,1.12,2.41,2.42,1.5,1.61,0.9,2.26,2.06,1.79,1.13,2.28,1.12,1.9,1.86,0.84,1.94,2.04,1.98,1.14,2.36
10,2.35,1.95,1.67,1.82,1.52,2.47,1.77,1.75,1.66,1.69,1.88,2.67,1.81,2.25,2.31,1.72,1.65,2.31,1.77,2.89,2.43,2.12,2.37,1.56,1.57,1.59,2.46,1.7,2.27,1.83,1.8,1.23,1.67,2.25,1.79,2.02,1.81,2.34,1.95,1.51,0.79,2.21,2.23,2.15,2.22,2.95,1.51,2.25,1.23,1.15,2.26,2.88,1.64,2.29,2.04,1.22,1.93,2.75,2.02,0.81,2.45,2.29,2.48,1.8,2.41,2.31,1.58,1.75,1.57,2.13,1.64,2.18,2.15,1.6,1.8,2.72,2.44,1.6,2.01,2.46,1.71,2.22,1.74,2.32,2.49,1.9,1.28,1.19,1.73,2.16,1.96,1.67,1.17,1.26,1.61,1.12,1.7,2.17,2.44,1.59
11,1.83,2.36,1.58,2.32,2.42,2.9,2.91,2.35,2.92,1.86,2.28,2.43,2.28,1.51,1.78,2.43,1.87,1.9,1.69,2.44,2.2,2.13,1.69,1.58,2.48,2.51,2.45,1.69,1.99,2.88,1.85,2.26,2.48,2.73,2.08,2.26,1.53,2.16,2.13,1.57,1.55,2.35,2.19,1.72,2.4,2.27,1.65,2.5,2.3,2.66,1.77,2.18,2.3,2.16,2.37,1.89,2.44,1.77,2.78,1.71,2.31,2.19,1.67,2.26,1.58,1.82,1.76,1.78,1.96,2.02,2.32,1.73,2.76,2.9,2.63,2.47,1.76,2.43,2.12,1.6,1.72,2.2,1.65,1.6,2.6,2.32,2.22,2.33,2.0,1.71,1.63,2.48,1.93,2.31,2.37,2.23,2.49,1.66,1.72,1.81
12,2.43,2.05,2.26,2.93,2.3,1.5,2.48,2.24,1.85,1.54,2.0,1.53,1.98,1.92,2.41,2.37,2.48,2.15,1.95,2.04,2.2,1.86,2.23,2.42,2.39,2.08,2.43,2.04,2.43,2.28,1.56,2.01,1.59,1.68,1.81,2.76,2.16,2.93,2.97,2.25,2.13,2.08,1.77,2.1,1.95,1.6,2.3,1.6,1.63,2.24,1.52,1.59,2.17,2.21,2.01,1.84,2.18,1.9,2.07,1.88,2.04,1.81,2.46,2.46,2.42,1.91,2.42,2.12,2.29,1.93,1.96,2.0,2.41,1.61,1.94,2.13,2.31,1.53,2.02,2.25,1.57,1.95,1.68,1.77,1.62,2.13,2.42,2.38,2.6,2.09,1.7,1.5,2.52,2.35,2.33,1.6,2.99,1.77,2.67,2.4
13,2.9,2.19,1.63,2.06,1.9,2.45,1.55,2.43,2.16,2.05,2.03,1.65,1.8,2.19,2.13,2.3,2.45,2.02,2.96,1.66,1.51,1.75,1.75,1.71,2.28,1.63,2.43,2.34,2.4,2.02,2.07,2.0,1.71,2.38,1.89,2.46,2.29,2.17,2.44,1.83,1.64,1.78,2.39,2.47,2.34,2.01,2.22,1.85,1.97,2.32,1.76,2.01,1.56,2.44,2.72,2.29,2.16,2.39,2.4,1.97,2.36,2.47,2.27,2.02,2.28,2.71,1.61,1.54,2.3,2.12,2.13,1.68,2.28,1.69,1.74,1.86,1.58,2.41,2.99,1.62,2.26,2.42,2.47,2.94,1.83,2.17,2.16,2.26,1.66,1.8,2.14,1.66,1.82,1.92,1.91,2.7,1.77,1.62,1.8,2.18
14,1.52,1.99,1.37,1.62,1.98,1.57,1.72,2.03,2.39,2.25,2.15,1.35,1.15,1.62,2.56,1.48,1.98,1.79,0.88,2.8,1.59,2.04,1.02,1.56,0.99,1.47,1.67,1.65,2.15,1.55,1.62,2.5,1.66,1.08,1.09,1.7,1.21,1.02,2.43,0.77,2.04,2.12,0.82,1.42,0.86,1.59,2.0,1.78,1.77,2.06,1.5,1.3,2.05,1.62,1.5,1.64,1.06,1.53,2.48,2.16,1.65,1.39,1.96,2.04,2.29,1.91,2.88,1.21,2.35,2.13,2.39,1.13,1.47,1.71,1.67,2.06,2.42,1.8,1.16,2.3,1.5,1.52,1.17,2.27,1.85,2.03,2.23,2.4,0.88,1.95,0.83,2.15,2.35,2.33,1.57,1.94,2.06,1.17,1.46,1.69
15,1.68,1.9,2.15,1.92,2.46,2.04,2.05,2.36,3.0,2.01,2.44,1.88,2.98,2.01,1.75,1.57,1.76,2.05,1.77,1.8,2.01,1.9,2.41,1.8,2.85,2.58,1.97,1.58,1.51,2.88,1.7,1.55,2.49,2.53,1.92,1.75,1.52,2.38,1.95,1.98,1.57,1.9,2.24,2.35,1.52,2.2,1.65,2.29,2.29,2.17,1.8,1.91,2.14,1.92,2.08,1.61,2.48,1.99,2.74,1.55,1.83,2.09,2.11,1.58,1.69,1.84,2.05,1.98,2.07,1.99,2.74,1.94,2.94,2.48,2.9,2.1,2.3,1.59,2.13,1.68,1.91,2.04,1.68,2.38,2.17,2.08,1.85,2.18,2.0,2.37,1.72,1.64,1.98,1.88,2.0,1.74,2.4,2.27,1.8,2.48
16,1.27,0.79,1.62,0.92,1.03,1.08,1.19,1.88,1.69,1.38,1.15,1.04,0.85,1.98,1.04,1.56,1.21,1.64,1.71,1.16,0.79,1.28,1.06,0.8,1.62,1.22,1.09,1.4,1.27,1.43,1.37,2.13,2.01,1.62,1.64,1.43,1.75,1.17,1.64,2.33,2.18,1.37,1.35,0.82,1.17,1.05,1.18,1.23,2.24,1.61,1.5,0.95,2.27,1.8,1.53,1.54,2.24,1.25,1.41,2.2,1.9,2.0,1.18,1.81,1.74,0.96,1.94,1.26,1.66,1.89,0.8,1.02,1.6,1.39,1.33,1.39,1.36,1.16,1.25,1.7,1.28,1.24,2.01,1.27,1.58,1.02,1.98,2.87,1.46,1.61,2.4,1.56,2.28,1.6,2.21,1.88,2.21,1.12,1.56,1.39
17,2.56,1.53,1.7,2.5,2.03,2.01,1.68,1.56,1.81,1.51,2.37,2.21,2.05,2.46,2.33,2.03,2.04,2.39,2.17,1.55,2.01,1.72,1.7,2.38,2.17,2.49,1.81,2.68,2.47,1.99,2.88,2.63,2.07,1.63,1.58,1.78,1.87,2.3,2.11,2.03,2.47,1.93,2.21,2.43,2.77,1.86,2.07,2.29,2.01,2.04,1.66,1.86,1.98,1.6,2.47,1.61,2.01,1.51,2.18,2.37,2.06,2.44,1.69,2.39,2.14,2.91,1.66,1.8,1.82,2.17,1.81,2.43,1.64,1.75,2.33,2.27,2.05,2.24,2.65,1.91,2.03,1.84,2.45,2.16,1.54,1.57,2.52,1.96,2.45,1.93,2.28,2.27,1.82,1.69,2.49,2.77,2.24,1.75,1.7,1.69
18,1.1,0.77,1.1,1.49,1.1,0.96,1.4,2.33,1.73,1.93,1.22,0.86,0.89,1.64,1.0,2.05,1.01,1.05,0.97,1.13,1.58,0.86,0.92,0.78,1.09,1.54,1.17,0.92,1.36,1.67,1.21,2.23,2.18,1.46,1.58,1.05,1.47,0.99,1.31,2.1,2.39,0.89,1.08,1.03,1.11,1.19,0.83,1.59,2.66,1.84,1.41,1.29,1.87,2.16,1.62,2.44,1.67,0.88,0.98,2.3,2.19,1.97,0.85,1.31,1.84,0.77,1.8,1.44,1.83,2.49,0.76,1.58,1.0,1.28,0.78,1.46,1.04,1.27,0.89,1.64,1.1,1.7,2.92,1.51,1.18,1.44,2.22,2.53,0.79,1.6,2.78,1.57,1.52,1.69,1.58,1.05,2.43,1.28,1.19,0.92
19,1.08,1.09,2.26,1.06,1.4,1.44,1.04,1.88,0.75,1.08,0.95,2.9,1.68,2.03,2.21,2.35,1.35,2.96,1.87,2.2,1.19,1.75,2.17,1.86,2.21,1.68,2.02,1.08,0.95,2.33,2.07,0.84,2.03,1.65,2.21,2.05,2.38,2.34,0.94,2.13,1.12,2.02,1.53,2.32,2.12,2.8,1.32,0.93,1.67,1.47,1.59,2.75,0.94,0.93,1.65,0.96,2.32,2.99,1.62,1.01,1.99,2.14,1.26,0.81,1.51,1.01,1.99,2.25,1.29,1.91,1.1,1.94,1.93,1.65,1.56,2.15,1.12,1.74,2.42,1.26,1.2,1.81,1.55,1.52,0.82,1.49,1.2,0.8,1.85,0.88,2.25,1.65,1.68,1.45,1.57,0.82,1.08,2.31,1.71,1.73
20,2.3,2.13,1.16,1.61,2.11,1.67,1.9,2.44,1.87,1.81,1.76,1.26,1.11,1.05,2.53,1.24,1.92,2.14,1.5,2.17,2.42,2.39,1.22,1.57,1.62,0.92,1.7,2.05,2.44,0.84,1.71,1.97,1.18,1.0,1.05,1.38,1.62,1.65,1.6,1.45,1.81,1.26,1.03,1.52,1.31,1.26,2.48,1.61,1.52,2.03,2.19,1.66,1.68,1.76,0.78,1.94,1.53,1.68,1.81,1.9,1.16,0.82,1.82,2.02,2.32,1.65,2.75,1.35,2.17,2.36,2.35,1.71,0.89,1.76,2.46,1.37,2.3,2.46,1.12,2.08,2.05,1.66,1.09,2.04,2.11,2.06,1.5,2.48,1.48,2.4,1.08,2.4,1.5,2.35,1.68,2.3,1.6,0.93,1.44,1.61
21,0.96,1.72,2.06,0.83,0.99,1.19,1.13,2.11,0.75,0.9,0.89,1.29,1.97,2.23,2.14,2.45,1.31,2.71,2.06,1.38,1.57,1.86,2.32,1.66,2.32,2.43,2.66,1.69,1.37,2.27,1.8,2.12,2.25,1.6,1.78,1.99,2.03,1.52,1.33,1.66,1.51,2.71,1.96,2.58,2.22,2.68,1.55,0.84,2.44,1.64,1.12,2.82,2.33,1.14,2.37,1.7,1.57,2.03,1.48,1.56,2.33,2.24,1.63,1.3,0.91,0.97,2.13,1.67,1.43,2.32,1.37,1.98,2.02,0.9,1.09,1.94,1.28,0.83,1.55,0.79,0.96,1.6,1.55,1.02,1.19,0.9,2.46,2.47,2.1,1.61,2.4,1.5,1.58,2.44,1.22,1.63,2.27,1.6,0.91,1.77
0,1.52,2.82,1.71,2.05,2.91,2.15,2.03,1.5,2.34,1.65,2.18,2.13,0.85,0.85,2.44,1.6,2.35,0.92,0.83,2.24,2.38,1.64,1.07,1.89,1.37,0.9,1.04,1.6,2.17,1.57,0.8,2.27,1.04,0.8,1.43,1.03,1.41,1.29,1.81,0.94,1.63,1.68,1.45,1.67,1.56,0.8,1.92,2.33,2.22,2.01,2.65,1.72,2.74,1.79,1.66,2.94,2.16,1.72,1.91,2.98,1.04,1.67,2.43,1.79,2.37,1.57,2.11,0.94,2.01,2.37,2.02,1.58,1.19,1.91,1.89,1.66,1.61,1.9,1.54,2.42,2.77,1.52,1.67,1.59,2.05,2.03,1.74,2.4,1.61,2.22,1.72,2.61,2.12,2.94,2.43,1.62,2.0,2.21,2.23,2.0
1,0.8,1.37,1.5,1.85,1.32,1.42,0.97,2.0,1.66,0.76,1.49,1.61,1.66,1.74,1.61,1.34,1.25,0.91,1.34,1.15,1.5,1.3,1.95,1.71,0.85,1.28,0.94,1.5,0.94,1.14,1.67,2.27,1.45,1.68,1.56,1.91,0.83,2.16,1.64,0.81,2.01,1.18,0.85,0.82,1.05,0.94,1.89,1.59,2.4,1.6,1.11,1.01,1.96,1.55,1.05,1.78,0.84,1.17,1.27,2.48,0.94,1.3,2.21,0.77,1.65,1.19,2.29,1.19,1.05,2.36,1.38,2.0,1.37,1.48,0.93,1.06,1.98,0.88,1.49,1.55,1.27,0.92,1.28,0.8,1.29,1.22,2.22,2.27,1.67,0.87,0.98,2.18,2.72,1.52,1.24,2.47,2.06,1.54,1.56,0.77
2,1.39,1.19,1.63,1.49,1.0,1.19,1.23,1.67,0.83,1.73,1.33,0.87,1.48,1.73,0.91,1.05,1.36,1.39,1.37,1.59,1.61,1.53,1.28,1.13,0.77,1.32,1.62,1.27,1.35,1.0,1.61,2.57,0.97,1.18,1.52,1.18,0.83,1.28,1.49,1.68,2.08,1.3,0.95,1.68,1.85,0.95,1.3,1.0,2.29,1.9,1.72,1.25,2.48,1.68,1.28,2.05,2.19,1.19,1.25,1.87,1.75,2.0,1.74,1.05,1.58,2.02,2.4,1.68,1.52,2.3,1.49,1.09,0.79,1.49,1.34,1.63,1.13,1.97,1.33,1.4,1.57,1.27,1.6,1.36,1.73,1.37,2.92,1.53,0.82,0.86,2.41,1.48,2.43,2.1,1.36,2.0,1.67,1.02,0.79,1.33
3,2.21,2.17,2.33,2.41,2.4,2.32,2.53,1.97,2.53,2.41,2.47,2.07,2.37,1.86,1.92,2.48,2.49,1.55,1.63,2.15,2.25,2.03,2.18,1.59,2.06,2.79,2.36,2.31,1.71,2.03,1.89,2.21,1.93,2.14,1.86,1.92,1.63,1.77,2.01,2.28,1.99,1.94,2.45,2.49,2.17,2.13,1.91,1.72,2.16,2.03,2.3,1.85,1.63,2.47,2.32,1.87,1.57,2.02,2.86,2.3,1.64,1.87,2.35,1.67,2.15,2.11,1.8,1.89,1.99,1.66,2.9,2.15,2.75,2.96,2.05,2.05,2.16,2.44,2.07,1.84,2.37,1.71,2.03,1.89,2.97,1.75,1.68,2.05,1.67,1.73,1.87,1.66,2.41,2.43,1.78,1.88,2.36,1.9,1.55,1.6
4,2.7,2.28,2.1,1.6,1.99,2.24,2.18,1.68,2.4,2.29,1.96,2.46,1.59,2.1,2.41,1.5,2.22,1.86,2.95,2.45,2.04,2.27,1.94,1.81,2.01,1.67,1.77,2.3,2.17,2.03,2.89,2.73,2.24,2.02,1.77,2.01,1.92,2.29,1.89,1.93,2.47,1.94,1.86,1.83,2.84,2.22,1.7,1.7,2.3,1.6,2.18,1.93,2.16,2.08,2.44,1.86,2.32,2.22,2.45,1.85,2.31,1.88,2.28,2.43,1.88,2.35,1.78,2.29,1.74,1.91,2.44,2.44,2.39,2.12,1.56,1.78,1.81,2.21,2.11,1.5,1.72,1.88,2.46,2.21,1.85,2.25,2.68,2.11,2.3,1.9,1.97,2.28,1.97,1.72,1.8,2.25,2.03,1.63,2.15,2.15
5,2.16,2.04,2.24,2.35,2.83,1.86,2.38,2.38,1.65,2.4,2.75,2.23,1.75,1.55,2.23,2.04,2.61,1.53,1.88,2.28,2.95,1.59,2.29,2.0,2.42,2.2,2.39,1.95,2.23,2.23,2.28,2.14,2.23,1.81,2.27,2.22,2.23,2.32,1.74,1.63,2.35,2.41,1.62,1.6,2.3,2.22,1.97,2.03,1.76,1.76,2.8,2.28,2.39,2.14,1.87,2.84,1.92,2.02,2.48,2.18,1.9,1.47,2.36,2.22,2.46,2.43,2.27,2.48,1.74,1.54,2.43,2.02,1.53,2.04,2.1,2.01,1.86,1.9,1.85,2.03,2.62,2.72,1.71,2.08,1.91,2.76,1.82,2.34,2.2,1.93,0.93,2.44,1.72,2.92,1.87,2.46,2.3,2.2,2.16,2.52
6,1.12,1.4,1.83,1.66,1.7,1.99,1.99,1.58,1.59,0.75,1.48,2.16,2.26,2.29,0.8,2.23,1.23,2.45,2.37,1.48,1.32,1.27,1.55,1.83,2.37,2.51,1.85,1.19,1.39,2.05,2.25,1.33,2.47,2.72,2.03,2.09,2.25,2.12,1.02,1.82,1.5,2.33,2.08,2.1,2.12,1.86,1.36,1.59,0.88,2.08,1.16,1.7,1.37,1.08,2.05,0.76,1.57,2.29,1.64,1.13,2.01,2.16,1.1,1.31,1.26,1.04,1.41,1.52,1.22,1.21,1.75,2.02,2.93,1.64,1.51,2.4,0.84,0.86,2.43,1.52,0.86,2.23,1.91,1.5,1.67,1.26,1.48,1.29,2.34,1.35,1.74,1.49,1.49,1.33,1.17,1.67,0.81,1.71,2.43,1.82
7,1.58,1.52,0.83,2.0,2.23,1.81,2.13,2.04,1.96,1.85,1.85,1.49,1.01,0.89,2.83,1.61,2.33,1.43,1.54,2.41,2.47,2.98,1.13,1.4,1.69,0.95,1.87,2.15,2.32,1.18,1.11,2.18,1.21,1.24,0.77,0.8,1.03,1.73,2.26,1.47,1.75,1.49,1.19,2.05,1.12,1.43,2.29,2.22,1.74,1.74,1.8,1.46,1.56,1.76,1.36,1.62,1.51,1.98,2.16,1.82,0.86,1.44,1.51,2.18,1.76,1.78,2.06,0.76,1.65,2.02,2.04,0.91,1.41,2.0,2.32,1.6,2.41,1.66,1.62,2.26,2.03,1.1,1.3,2.08,2.34,2.35,1.93,2.19,1.22,1.55,1.13,2.09,2.43,2.02,1.93,1.78,1.68,1.48,1.35,1.06
8,1.75,1.3,1.61,1.04,0.82,1.41,1.97,1.44,2.22,0.8,0.75,2.13,2.57,2.17,1.69,2.43,1.71,2.3,1.91,1.52,1.31,1.28,1.77,2.46,2.26,2.83,2.33,0.96,0.76,2.11,2.04,0.96,2.2,2.92,2.1,2.13,1.76,2.43,0.76,2.23,1.11,1.71,2.28,1.75,2.38,2.05,1.6,1.66,1.43,1.26,0.95,1.55,1.5,1.55,2.12,0.85,2.22,1.63,2.09,1.38,1.52,2.33,1.32,0.82,1.64,1.11,1.25,1.86,1.32,1.15,1.79,2.49,2.68,1.67,1.96,2.07,0.84,1.54,2.47,1.15,1.21,1.66,2.37,0.76,1.36,1.72,1.5,1.05,1.96,1.72,2.13,0.78,1.36,1.18,1.34,0.87,1.56,1.61,1.54,1.91
9,2.1,0.8,2.34,1.03,0.95,1.03,1.08,2.12,1.42,1.47,0.77,0.81,2.42,1.54,1.43,1.51,0.9,1.62,2.03,0.8,1.5,0.77,2.02,1.74,1.68,2.09,1.97,1.99,1.09,2.24,2.76,2.92,2.43,2.24,1.5,2.17,1.71,1.75,1.05,2.17,1.86,1.77,1.83,1.93,2.29,2.24,0.98,1.5,2.28,2.01,1.37,1.97,1.96,1.23,2.89,2.04,2.11,2.36,1.57,2.14,2.37,2.13,1.59,1.7,1.36,1.87,1.69,2.48,0.89,2.46,1.62,1.84,2.11,1.41,1.12,1.2,1.62,2.18,2.87,0.84,1.09,2.45,2.31,1.48,1.64,1.51,2.3,2.01,1.79,1.7,2.48,1.19,1.76,2.21,1.74,2.11,2.15,1.57,1.75,2.27
10,1.75,2.15,2.47,1.58,2.24,1.57,2.05,1.5,2.25,1.83,2.27,2.29,2.45,1.91,2.74,2.48,1.78,2.38,1.8,2.02,1.93,2.34,1.99,2.37,1.87,1.77,2.43,1.9,1.54,2.46,1.7,1.07,2.07,2.31,2.0,1.79,1.89,2.32,1.59,2.32,0.97,2.26,1.82,2.19,2.35,2.83,1.52,2.23,0.8,1.16,1.8,2.52,1.6,1.58,2.31,1.36,1.61,2.73,2.19,1.66,2.35,2.13,2.0,2.46,1.71,1.98,1.39,1.76,1.98,1.89,2.15,2.09,1.9,1.5,2.49,2.87,1.83,1.83,2.02,2.04,2.37,2.5,2.11,2.39,2.1,1.63,1.71,1.74,2.39,1.6,2.41,1.29,1.43,1.14,2.41,1.21,1.64,1.65,2.14,2.25
11,2.45,1.87,2.28,2.03,2.2,2.77,2.58,1.79,2.78,2.16,1.87,1.88,2.34,1.98,2.05,2.31,1.98,2.14,1.75,2.06,1.72,2.25,1.76,2.27,2.37,2.01,1.79,1.94,1.59,2.54,2.38,2.48,2.34,2.51,1.66,1.73,2.19,2.04,1.82,1.83,1.64,2.47,2.21,1.61,1.97,2.34,2.41,2.13,1.69,2.36,1.84,1.97,1.5,1.97,2.37,1.57,1.71,2.22,2.59,1.84,2.22,2.01,2.29,1.58,2.04,2.27,2.06,2.39,1.93,2.2,2.64,2.1,2.87,2.24,2.82,1.64,2.33,1.65,2.26,2.19,1.77,1.51,2.01,2.4,2.75,1.96,1.93,2.43,1.56,1.63,1.52,1.91,1.61,2.17,1.51,2.03,2.37,2.19,2.45,2.22
12,1.64,2.27,1.97,2.23,1.77,2.29,2.16,1.61,2.46,1.55,2.24,1.66,2.1,1.8,1.54,2.45,2.13,2.05,1.53,2.46,2.27,2.48,2.47,1.52,1.96,1.7,1.89,1.59,1.5,2.23,1.83,2.49,1.95,1.61,2.4,2.8,2.18,2.13,2.16,1.78,1.64,1.57,1.75,2.09,2.18,2.16,2.14,2.45,1.57,2.14,2.14,2.49,1.67,2.33,1.84,2.23,1.69,1.61,2.44,1.89,2.23,2.19,2.27,2.03,1.69,2.26,2.37,2.08,1.87,2.31,2.2,2.77,2.4,2.44,1.86,1.82,2.04,1.77,1.51,2.42,2.43,1.91,2.39,2.37,1.89,2.42,1.96,2.45,2.97,2.05,1.7,2.25,2.78,2.47,2.04,2.09,2.6,2.25,2.06,2.27
13,2.47,1.96,1.91,2.36,2.25,2.22,1.8,2.14,2.12,1.9,2.46,1.73,1.56,2.03,1.92,1.5,1.52,2.05,2.46,2.04,1.78,1.93,2.13,2.11,2.21,2.01,2.15,2.82,1.5,2.42,2.13,2.77,2.29,2.39,1.51,1.87,1.82,2.28,1.77,1.89,2.44,2.12,1.61,1.55,2.12,2.43,2.41,2.44,2.1,1.94,2.24,2.06,2.25,1.6,2.2,2.0,1.51,2.14,2.11,2.37,2.37,1.87,2.03,1.61,1.59,2.2,2.46,2.06,2.4,2.46,2.3,1.83,2.44,1.63,2.19,2.14,2.14,2.57,2.44,1.55,1.71,1.89,1.55,2.81,1.72,1.66,2.37,2.39,2.12,1.7,1.57,2.23,1.56,2.19,2.11,2.44,1.59,2.16,2.33,2.0
14,1.51,1.99,1.3,1.83,2.28,2.06,2.3,2.83,1.69,1.79,1.95,2.21,0.78,1.07,2.58,1.41,1.97,1.93,0.81,2.9,1.61,2.29,1.32,0.82,1.34,0.84,1.97,2.49,1.72,1.13,0.82,2.32,0.78,1.22,0.85,1.61,1.33,1.15,2.02,0.78,1.74,2.24,1.68,1.33,1.26,1.93,2.16,1.92,2.47,2.12,2.01,1.67,2.21,1.87,0.83,1.51,0.77,1.96,2.28,2.39,0.77,0.82,2.25,1.94,2.41,2.17,2.23,1.04,1.99,2.46,1.72,0.85,1.49,1.65,1.79,1.67,1.9,1.89,1.16,1.68,1.92,1.66,1.02,2.42,1.55,2.22,1.54,1.84,0.9,2.02,0.79,2.0,1.52,2.4,2.47,1.87,2.46,0.8,1.02,0.98
15,2.26,1.55,1.54,2.22,2.21,2.29,2.94,1.99,2.92,1.76,1.97,2.01,2.58,2.25,2.46,1.91,1.55,2.17,1.58,1.83,2.31,1.81,2.39,2.4,2.2,2.33,1.81,2.32,1.67,2.08,1.58,1.8,1.94,2.74,2.45,1.69,1.89,1.86,1.68,2.2,2.36,1.54,2.38,1.72,2.42,1.89,2.24,1.61,1.94,2.15,1.93,2.06,1.76,1.55,2.45,2.46,1.64,2.27,2.34,1.7,2.0,2.03,2.13,1.61,2.07,2.07,1.52,2.25,1.81,2.35,2.69,1.66,2.73,2.31,2.93,1.58,2.3,2.36,2.31,1.56,1.5,1.59,1.73,1.76,2.55,1.63,2.38,2.17,2.18,2.01,2.28,2.44,2.24,2.03,2.02,1.87,1.55,1.69,1.76,2.27
16,1.23,1.63,1.41,1.09,1.38,0.94,1.69,2.32,1.44,1.51,1.41,1.13,0.79,1.52,0.88,1.26,0.84,1.56,1.4,1.4,1.71,1.59,1.1,0.97,1.32,1.57,0.9,0.86,0.78,1.25,0.88,1.99,2.01,0.86,2.04,1.64,1.67,1.51,0.89,2.79,2.94,0.97,1.65,1.74,0.94,0.96,1.47,1.36,2.68,1.9,1.7,0.93,2.38,1.91,1.53,2.32,1.53,1.53,1.37,1.78,1.42,2.37,1.29,1.8,2.1,1.36,1.88,1.95,2.18,1.98,1.37,1.71,0.88,1.1,1.71,0.77,1.44,1.65,1.58,1.51,1.02,1.18,2.03,0.94,1.34,1.12,1.89,2.22,0.95,1.92,2.41,2.44,2.44,2.02,1.54,1.79,1.53,1.5,1.5,1.14
17,2.18,2.13,1.77,1.98,1.74,2.11,1.73,2.22,1.55,2.17,2.41,1.78,2.4,2.39,1.96,1.69,2.42,1.98,2.26,1.53,1.95,2.38,1.69,2.26,2.43,1.93,2.47,2.68,2.27,2.05,2.25,2.53,1.86,2.24,1.54,1.6,2.34,1.69,2.2,2.19,2.15,2.29,1.52,1.59,2.79,2.4,1.58,2.36,2.38,1.63,1.9,2.1,2.43,1.75,2.35,2.37,1.56,2.41,2.08,1.58,2.44,1.51,2.14,2.1,2.42,2.33,1.94,2.06,1.94,2.19,1.76,2.4,1.96,2.29,1.59,2.16,2.42,2.13,2.17,1.92,2.37,2.22,2.43,2.9,1.56,1.88,2.61,1.83,2.09,1.97,2.47,1.55,1.66,1.59,1.71,2.88,1.84,1.51,2.0,2.46
18,1.41,1.19,1.3,1.75,1.0,1.15,0.95,1.88,0.85,1.78,1.28,1.61,1.29,1.44,1.5,1.77,1.42,1.08,1.16,1.28,1.45,0.92,1.5,1.53,1.05,1.42,1.32,1.12,1.09,0.85,1.7,1.9,2.07,1.13,2.2,1.72,0.87,1.53,0.89,2.93,2.99,1.31,1.18,0.99,1.2,1.23,0.9,0.94,2.4,1.91,1.4,0.87,1.77,1.74,1.05,2.17,2.5,0.8,1.15,1.72,1.43,1.72,1.08,1.52,2.04,1.43,2.0,1.83,2.1,2.13,1.42,1.62,1.55,1.61,0.88,1.63,0.89,1.43,1.73,0.94,1.1,1.28,2.83,0.97,1.2,1.67,1.51,2.3,0.81,1.67,2.54,1.35,1.64,2.11,1.69,0.9,2.07,1.66,1.26,1.45
19,1.74,1.03,1.53,1.58,0.78,1.03,1.71,2.1,1.57,1.66,1.62,2.95,2.12,1.97,2.09,2.05,1.07,2.54,2.17,2.14,1.22,1.79,1.52,2.34,2.42,2.5,2.91,0.93,1.72,2.18,1.61,1.69,2.09,1.78,1.93,1.94,2.09,2.24,1.23,2.01,1.57,2.47,1.75,2.83,2.46,2.2,0.86,1.29,1.18,1.42,1.42,2.98,1.65,0.95,2.0,1.44,2.31,2.01,1.06,1.72,2.48,1.71,1.0,1.31,0.88,1.0,1.53,2.35,1.2,1.39,1.02,2.22,2.3,0.9,0.87,2.05,1.5,1.71,2.05,1.01,1.35,2.2,2.01,1.47,0.9,0.83,0.99,1.1,1.65,1.67,1.86,0.98,1.43,1.22,0.91,0.79,1.18,2.39,1.73,2.36
20,2.37,1.52,1.01,1.77,2.35,1.9,1.82,2.12,2.32,2.1,2.13,2.24,1.66,1.15,2.39,0.99,1.87,1.73,0.88,2.46,2.31,2.83,0.96,1.07,1.02,1.54,1.48,2.1,1.75,1.66,1.41,1.63,1.08,0.83,0.79,1.38,1.7,0.81,2.07,0.87,1.86,2.12,1.17,1.43,1.15,1.85,1.85,1.6,2.29,2.37,1.87,1.59,1.53,1.79,1.65,2.42,0.86,2.02,2.48,2.38,1.33,1.72,2.29,2.45,1.79,1.87,2.01,1.33,1.59,2.32,1.82,0.89,1.7,1.68,2.46,1.43,1.6,2.42,1.43,2.5,2.46,1.37,1.01,1.86,1.68,1.58,2.2,2.17,1.52,2.23,1.05,1.82,2.49,2.19,1.96,2.32,2.29,1.62,1.67,1.49
21,0.81,0.88,1.81,1.16,0.75,1.49,1.69,2.94,1.74,1.37,1.01,1.71,1.54,1.77,1.93,2.38,1.27,2.91,1.89,1.52,0.93,1.41,2.45,2.24,2.25,2.21,2.24,1.55,1.35,1.88,1.65,1.89,1.59,1.72,2.11,2.01,1.64,2.42,1.03,2.45,2.14,2.12,2.46,2.88,2.4,2.62,1.49,1.6,1.91,2.01,0.88,2.41,1.68,1.51,2.11,2.27,2.36,2.94,0.83,1.77,2.4,1.68,0.96,0.93,1.12,1.32,2.05,2.03,0.78,2.8,0.83,1.89,2.38,1.6,1.36,1.42,1.15,1.26,1.57,1.48,1.48,2.35,1.53,1.44,1.7,1.15,1.68,1.96,2.09,1.47,2.18,1.66,1.57,2.19,1.55,1.45,2.29,2.38,1.0,1.83
0,1.71,2.89,1.49,1.61,2.02,2.49,2.0,2.43,2.03,1.55,2.56,2.15,1.35,1.01,1.78,1.74,2.11,0.84,1.02,2.27,2.56,2.19,0.89,2.14,1.74,1.02,0.97,2.27,2.64,0.9,1.07,2.1,0.78,0.88,1.2,1.12,1.6,0.77,1.89,1.44,1.64,1.26,1.1,1.53,1.42,1.65,1.54,2.39,1.51,2.16,2.14,1.3,2.58,1.91,1.5,2.62,2.12,0.78,1.54,2.34,1.46,1.54,1.84,2.4,2.39,2.09,1.73,1.45,1.53,1.58,1.57,0.77,1.63,1.67,2.43,2.02,2.39,2.27,1.24,1.99,2.81,1.41,1.5,1.92,2.2,2.23,2.1,2.06,1.54,2.38,1.69,2.89,1.88,2.98,1.97,2.39,1.89,2.17,2.15,2.21
1,1.6,1.03,0.96,1.54,1.49,1.17,1.59,1.66,1.27,1.21,1.13,1.29,1.36,0.97,1.1,1.02,0.98,1.18,1.03,1.28,1.65,0.93,2.21,0.89,0.93,1.4,1.33,1.11,0.92,1.3,0.81,1.97,1.72,1.42,0.97,1.79,0.75,1.39,2.24,1.27,1.93,1.69,0.91,0.93,1.27,0.92,2.14,1.04,2.19,2.35,0.99,1.7,2.28,1.1,0.82,1.65,1.28,1.69,1.45,1.52,0.94,1.6,1.84,1.16,1.13,1.34,2.39,1.47,1.02,2.35,1.25,2.15,1.59,1.3,1.29,1.19,1.92,1.48,1.13,1.69,0.87,1.11,1.02,0.95,1.45,1.63,2.43,2.23,1.45,1.46,1.47,1.81,2.66,2.05,1.31,1.8,2.48,1.35,1.73,1.36
2,1.5,1.05,1.71,1.73,1.4,0.99,0.89,1.88,1.67,1.37,1.65,1.64,1.39,1.58,1.65,1.73,1.67,0.92,2.05,1.19,1.43,0.85,1.33,1.03,1.74,1.6,0.84,1.93,1.27,0.85,1.34,2.42,1.35,1.27,1.38,0.96,0.77,1.07,1.48,2.1,2.28,1.49,1.5,0.9,1.93,1.13,1.69,1.2,2.23,1.75,0.81,1.31,1.66,1.38,1.3,1.63,1.6,0.77,1.69,1.66,1.74,2.21,1.13,1.15,0.84,1.55,1.92,1.23,1.01,2.42,0.79,1.24,1.39,0.77,1.71,1.47,0.79,1.48,1.61,0.81,1.44,0.78,1.58,1.25,0.89,1.33,2.36,1.91,1.38,1.55,1.93,1.6,2.31,1.62,1.75,2.2,2.13,0.96,0.81,1.25
3,2.09,2.35,2.31,2.46,2.49,2.07,2.67,1.74,2.2,2.12,2.49,1.61,2.93,1.77,2.47,2.03,1.89,1.8,1.62,2.19,2.32,1.8,2.25,2.11,2.83,2.57,1.85,1.99,1.8,2.48,1.63,1.55,2.43,2.63,2.15,1.78,1.99,2.2,2.22,1.7,1.88,1.95,2.08,2.47,1.65,2.13,2.33,1.74,2.32,2.85,2.0,1.66,2.47,1.55,1.61,1.57,2.43,1.78,2.49,1.57,1.75,2.0,2.36,2.17,2.19,1.81,2.48,1.76,2.26,2.46,2.03,1.82,2.65,2.63,2.41,2.02,2.15,2.28,1.86,2.07,2.11,2.12,2.37,1.69,2.17,1.57,2.3,1.96,1.96,1.73,2.05,1.68,2.18,1.98,1.79,2.24,2.19,1.73,1.87,2.49
4,2.01,1.86,1.99,1.64,2.18,2.08,1.64,1.87,1.76,2.01,2.12,1.87,1.87,1.77,2.1,2.14,2.22,1.83,2.05,1.9,2.39,2.15,1.94,2.1,2.18,1.77,2.44,2.0,2.0,2.06,2.59,2.13,2.15,2.19,2.37,2.1,2.11,2.13,2.16,2.32,2.01,1.73,2.37,2.06,2.47,1.55,2.31,1.75,1.51,2.06,2.12,2.08,2.16,1.63,2.37,1.91,1.93,2.24,2.48,1.76,2.47,2.19,1.84,2.47,1.72,2.34,1.9,2.16,1.85,2.4,2.3,1.96,1.56,2.29,1.96,1.66,1.66,2.77,2.12,1.55,1.94,2.01,1.7,2.61,1.86,2.23,2.91,1.92,1.88,2.19,1.87,1.9,2.43,2.11,2.26,2.07,2.32,2.26,1.77,1.85
5,1.75,2.61,2.91,1.74,2.12,2.11,2.03,2.48,1.55,1.79,2.31,1.71,2.39,1.74,1.94,1.69,2.75,1.91,1.7,1.88,2.86,2.19,1.99,2.21,1.79,2.14,2.4,1.54,2.75,1.57,2.16,1.75,1.83,1.64,1.96,2.07,2.13,1.53,1.59,1.39,1.79,2.38,1.75,2.05,1.69,2.39,2.5,2.37,1.52,2.1,2.65,1.97,2.57,1.65,1.88,2.93,2.18,1.87,2.4,2.86,2.38,1.95,1.94,1.56,2.4,2.0,2.01,1.52,1.78,2.39,1.57,2.5,2.2,1.55,1.94,1.93,2.17,2.33,1.99,1.86,2.8,2.55,1.13,1.73,1.74,2.54,2.08,1.53,1.75,1.62,0.92,2.58,1.64,2.74,2.18,1.55,2.2,2.9,1.74,2.67
6,1.53,1.37,1.57,1.41,1.3,1.91,1.79,1.23,1.35,1.02,1.72,1.74,2.14,2.38,1.15,2.37,1.25,2.26,1.95,1.61,0.8,1.57,1.52,2.39,2.83,2.62,1.56,0.82,1.52,2.04,1.64,0.79,1.69,2.09,1.97,2.21,2.0,1.95,0.78,2.04,1.26,2.37,2.9,1.93,2.12,2.08,0.91,0.91,1.34,1.83,0.99,1.91,1.41,0.92,1.75,0.89,1.66,2.14,1.89,1.05,1.63,2.19,1.0,0.96,1.7,1.06,1.08,2.07,1.56,0.82,1.96,2.09,2.97,1.92,1.99,2.11,1.4,1.14,1.74,1.69,1.22,2.01,1.6,1.08,1.32,1.69,1.36,1.67,2.48,0.89,1.78,0.83,0.77,0.89,1.19,1.35,1.64,1.64,2.18,1.93
7,2.38,1.77,0.95,2.08,2.18,1.87,2.03,2.45,2.46,2.13,1.5,1.76,1.34,1.0,2.29,1.5,1.97,2.16,0.95,2.21,1.51,2.17,0.98,1.5,1.2,1.62,2.19,2.35,1.87,1.51,1.64,1.54,1.17,1.73,1.02,0.94,1.67,1.42,1.77,1.36,1.6,2.02,1.43,1.59,1.45,1.52,1.87,1.89,2.16,1.69,2.05,1.66,2.01,2.35,1.18,1.9,0.8,1.81,2.34,1.73,1.66,0.95,2.33,1.6,1.89,2.21,2.95,1.32,2.15,2.28,2.08,1.68,1.41,1.68,1.96,1.55,1.67,2.0,1.67,2.01,2.39,1.17,1.23,2.28,2.48,1.65,2.16,2.5,1.49,2.3,1.64,1.56,2.13,2.05,2.46,1.87,1.66,1.14,1.41,0.76
8,0.76,1.05,1.64,1.44,1.3,1.57,1.84,1.5,1.98,0.88,0.77,1.88,2.74,2.02,1.38,2.27,1.25,1.83,1.62,1.75,1.54,1.32,2.5,1.63,2.58,2.9,2.46,1.71,1.27,2.81,1.77,1.62,1.59,2.67,2.03,2.12,1.84,1.83,1.05,1.93,1.36,2.17,2.22,1.7,1.88,1.93,0.82,1.16,1.53,1.3,0.77,1.56,0.98,1.56,2.4,0.84,2.2,2.46,1.39,1.17,1.76,1.78,1.04,1.38,1.35,1.61,0.85,1.59,0.9,1.22,1.58,2.43,2.98,1.73,1.42,1.82,0.92,1.14,1.89,0.82,1.03,2.41,2.48,0.86,1.61,1.11,1.21,1.41,2.24,1.61,1.71,1.5,0.96,1.61,1.0,1.68,1.73,2.41,2.42,2.01
9,2.03,1.47,2.1,1.12,1.21,1.34,1.26,1.86,1.04,1.52,1.41,1.48,1.97,1.62,1.29,1.54,0.87,2.49,2.79,1.57,1.68,1.11,1.53,2.29,1.96,1.92,1.74,2.22,1.29,1.85,2.52,2.94,2.35,1.58,1.8,1.55,1.83,2.31,1.41,2.01,2.08,1.69,1.59,2.03,2.66,1.9,1.33,1.41,1.76,1.98,0.75,1.87,1.93,1.73,2.34,1.97,1.81,1.7,1.65,2.36,1.62,2.25,1.72,1.18,1.72,2.18,1.5,1.69,1.37,1.78,0.96,1.69,2.49,1.24,1.19,1.74,1.66,1.37,2.61,1.68,0.81,2.22,2.07,1.9,0.83,1.14,2.25,1.61,1.88,0.84,1.89,0.92,1.65,1.8,1.43,1.33,2.41,1.53,1.1,1.69
10,1.8,1.54,2.14,1.93,2.22,2.11,1.75,2.0,1.84,1.87,1.84,2.47,2.45,2.0,2.03,2.3,1.53,2.88,1.91,2.21,2.14,2.93,1.9,1.81,2.13,1.96,2.33,2.41,1.59,1.88,1.85,1.2,1.53,1.52,1.62,1.59,2.45,2.19,1.68,2.45,1.57,2.25,2.06,2.03,2.13,2.54,2.26,1.73,0.82,1.05,2.07,2.63,0.81,2.14,2.23,1.69,1.79,2.2,2.34,1.47,2.49,1.79,1.55,1.86,2.38,2.01,1.51,1.65,1.79,2.09,2.23,1.56,1.77,2.31,1.55,2.93,1.91,2.4,2.12,1.82,1.56,1.61,1.5,2.23,2.22,1.76,1.7,1.33,1.82,2.05,1.58,1.28,0.88,1.26,2.24,1.1,1.05,1.61,2.03,2.21
11,2.35,1.73,1.91,1.81,1.82,2.68,2.54,1.86,2.65,2.11,1.99,1.91,2.46,2.34,1.62,2.17,2.4,2.39,2.32,2.45,1.66,1.53,2.25,1.64,2.85,3.0,1.5,2.5,2.22,2.55,2.18,2.27,1.56,2.28,2.41,2.06,1.74,2.39,2.42,1.58,2.37,2.06,2.89,2.26,1.72,1.98,2.49,2.32,1.96,2.34,1.92,2.22,1.66,1.62,2.07,1.73,2.38,2.19,2.77,2.36,1.97,2.04,2.09,2.07,1.66,2.29,1.98,2.05,1.75,1.58,2.31,1.62,2.79,2.26,2.03,2.4,2.41,2.09,2.2,1.56,2.23,2.15,1.51,2.28,2.15,1.83,1.83,2.27,2.01,2.16,2.43,2.12,2.28,2.43,1.67,2.3,2.07,1.59,1.57,1.88
12,1.67,2.09,1.56,2.23,2.35,1.86,1.95,2.04,1.97,2.06,2.28,1.94,2.15,1.6,2.5,2.41,1.73,2.06,2.32,2.43,1.68,1.78,2.36,2.1,1.93,1.97,1.77,2.13,1.8,1.64,1.96,2.34,2.16,1.87,2.01,2.02,2.41,2.05,2.59,2.38,1.95,1.97,1.88,2.13,2.17,2.43,2.52,1.7,1.66,1.7,2.12,1.84,1.59,1.97,1.75,2.43,2.47,2.07,2.48,2.33,1.59,1.56,2.93,1.79,2.22,1.89,2.02,1.97,2.17,2.36,2.35,2.62,2.42,2.46,2.1,1.57,2.78,2.03,2.07,2.61,2.04,2.44,2.01,1.69,1.83,1.51,2.35,2.05,2.18,2.45,1.67,1.79,2.08,1.87,1.77,2.1,2.07,2.45,2.09,1.81
13,2.33,2.35,1.94,2.48,1.94,1.78,1.75,1.73,1.73,2.47,1.87,1.61,1.9,1.61,1.93,1.92,1.52,1.62,2.92,2.13,2.06,1.62,2.25,2.0,2.04,1.68,2.24,2.03,2.1,1.88,2.96,2.91,2.41,1.51,1.57,2.41,2.04,2.47,2.03,2.21,1.7,2.17,2.01,1.85,2.55,1.58,1.92,2.19,1.98,1.8,1.72,1.52,1.66,2.42,2.54,2.16,1.64,1.92,1.64,2.42,2.07,1.59,2.33,1.65,1.9,2.31,1.95,2.42,2.09,1.67,2.01,1.75,2.18,2.39,1.83,1.95,1.54,2.19,2.46,1.88,1.98,1.84,1.89,2.51,1.78,2.25,2.53,1.88,2.4,2.41,1.98,1.76,1.83,2.0,2.42,2.39,2.29,1.98,2.49,1.91
14,2.3,1.78,1.0,1.52,1.92,1.54,2.07,2.03,1.72,1.76,1.84,1.97,0.89,1.39,2.72,0.81,2.44,1.72,1.0,2.22,2.31,2.42,1.37,1.0,1.15,1.05,1.33,2.24,2.38,1.31,1.4,2.35,1.23,0.85,0.77,1.17,1.48,1.15,2.33,1.64,1.83,1.74,1.35,2.0,1.11,1.64,2.17,2.18,2.13,1.58,2.06,1.81,2.05,2.41,1.11,2.16,0.83,1.71,2.37,2.04,1.42,1.24,1.88,1.64,2.16,2.22,2.2,0.83,2.12,2.93,1.6,1.57,1.17,2.45,2.34,1.41,1.64,2.4,0.93,2.34,1.8,1.59,0.98,1.63,1.8,2.03,2.41,1.82,0.87,1.81,1.03,1.82,1.55,2.02,1.64,2.07,2.21,1.11,1.02,1.22
15,1.67,2.0,1.6,2.14,1.87,2.78,2.24,1.79,2.26,1.79,2.37,2.2,2.08,2.01,1.67,2.09,2.13,1.84,2.35,1.64,2.12,1.6,2.2,2.42,2.56,2.85,1.64,1.72,2.16,2.74,2.06,1.77,1.93,2.26,2.11,2.13,2.13,1.92,1.85,1.51,1.56,2.47,2.77,1.62,1.72,1.88,1.69,1.69,2.2,2.52,1.69,1.56,1.5,2.31,1.67,2.11,1.86,1.84,2.1,1.8,2.41,2.0,1.53,2.32,1.65,2.25,2.3,2.48,2.04,1.92,2.53,2.23,2.34,2.72,2.09,1.62,2.12,2.34,1.74,1.59,1.97,2.43,1.71,1.86,2.96,2.11,2.09,2.1,1.61,2.12,1.99,1.57,1.6,1.8,2.44,1.62,2.2,2.38,2.39,1.87
16,0.91,1.75,0.84,1.29,0.76,1.56,1.52,2.06,1.1,2.25,0.76,1.62,1.09,1.71,0.93,1.56,0.87,1.56,1.11,1.74,1.55,1.43,0.82,0.81,1.0,1.72,1.56,1.24,0.94,1.06,1.08,1.64,1.67,1.23,1.65,1.26,1.05,1.28,1.52,2.48,2.38,1.36,1.4,1.71,1.07,1.01,1.46,0.94,2.78,1.72,1.48,0.8,1.54,1.51,1.63,1.5,1.82,1.67,1.0,1.77,1.65,2.08,1.51,1.48,1.25,0.84,2.28,2.2,1.3,1.74,1.44,1.47,1.69,1.28,0.93,1.17,1.1,1.54,1.72,0.82,1.24,0.86,2.4,1.58,0.86,1.29,1.92,2.58,1.63,2.14,2.1,1.68,1.72,1.54,1.84,2.49,1.51,0.99,1.3,1.37
17,2.12,1.72,2.36,1.94,1.7,2.12,2.42,1.65,1.75,2.19,1.69,2.38,2.02,1.57,1.7,1.88,1.87,2.12,2.28,1.57,1.96,2.29,2.12,1.59,2.17,2.25,2.11,2.86,2.35,1.6,2.17,2.19,2.25,2.24,2.45,1.75,1.77,1.53,2.04,1.52,2.48,1.78,2.46,1.74,2.76,2.19,2.43,1.74,1.84,2.23,2.49,2.4,1.76,1.53,2.39,1.88,2.0,1.82,2.19,1.67,2.48,2.44,2.15,2.04,2.15,2.4,1.82,2.02,2.44,1.55,2.28,2.33,2.5,2.09,1.67,2.17,1.93,2.86,2.47,1.59,2.2,2.34,2.33,2.31,1.63,2.08,2.22,1.59,1.59,2.08,2.1,1.67,2.27,1.69,1.85,2.42,1.59,2.03,1.76,1.69
18,1.74,0.75,1.48,1.52,1.59,1.0,0.94,1.69,1.45,1.57,1.55,1.7,0.82,1.4,1.14,2.1,1.21,1.41,1.45,0.83,1.74,1.11,1.14,1.15,1.61,1.38,1.58,1.33,0.84,1.69,1.3,1.68,2.09,1.59,1.53,1.01,1.61,1.06,1.16,2.64,2.88,1.07,1.12,1.32,1.56,1.1,1.08,0.9,2.4,2.47,1.24,1.38,2.09,1.29,1.36,2.47,2.31,1.43,1.33,1.76,1.28,1.63,1.55,1.28,1.28,0.87,2.15,1.5,1.76,1.54,1.66,1.62,1.73,1.74,1.65,1.68,1.05,1.7,0.94,1.06,1.33,1.02,2.21,1.08,1.6,0.83,1.69,2.53,1.09,1.28,2.42,0.97,1.9,1.78,1.48,0.78,2.12,1.73,0.89,0.8
19,0.79,1.72,2.49,1.33,0.92,1.14,0.87,2.14,1.72,1.41,0.77,2.37,2.27,2.24,1.91,1.8,1.25,2.89,2.01,1.36,1.54,1.32,1.64,2.11,1.61,1.65,2.71,1.36,1.56,2.31,2.15,0.78,2.26,2.47,1.88,1.75,2.28,1.63,1.68,2.46,1.28,2.98,1.83,2.11,1.73,2.45,0.89,0.93,1.39,1.04,1.49,2.33,1.37,1.31,2.26,1.21,1.83,2.07,1.53,1.61,2.23,2.22,1.3,0.89,1.66,1.36,1.45,1.72,1.31,1.5,0.76,2.25,2.15,1.04,1.23,2.19,1.0,1.67,1.5,0.94,1.16,2.1,2.36,0.91,1.06,1.38,1.53,1.26,2.27,0.92,1.62,0.92,1.16,1.74,1.09,0.9,1.1,2.45,1.95,1.6
20,1.58,2.15,1.68,1.79,1.51,2.11,2.06,2.46,1.79,2.25,1.8,1.68,1.68,1.01,2.35,0.78,2.11,2.23,0.88,2.7,2.09,2.14,1.48,1.73,1.05,1.53,2.08,2.29,2.27,1.39,0.88,2.06,1.42,1.73,0.91,1.4,0.98,1.54,1.94,0.92,2.24,1.89,1.22,1.28,0.87,2.18,2.18,1.68,2.31,1.73,2.47,1.76,1.58,1.55,1.33,2.43,1.58,1.8,1.99,1.61,1.29,0.76,2.38,1.66,2.35,2.06,2.73,1.58,2.23,2.62,2.02,1.22,1.05,1.64,1.68,1.48,1.65,2.13,1.37,1.62,1.93,1.37,1.38,1.7,2.18,1.7,2.45,1.74,1.11,2.2,1.55,2.38,1.83,1.73,2.01,2.48,1.69,1.45,0.83,1.4
21,1.58,1.33,1.78,1.63,1.43,0.97,1.35,2.95,1.27,0.84,1.14,1.99,2.28,2.27,1.69,2.19,0.82,2.5,1.95,1.93,1.4,2.01,2.26,1.94,1.77,2.23,2.67,1.52,0.91,1.66,1.74,2.0,2.16,1.78,2.08,1.53,2.08,2.41,0.97,1.64,2.0,2.42,1.7,2.92,2.43,2.19,1.67,1.09,1.63,1.76,1.75,2.2,2.44,1.46,1.64,1.77,2.37,2.46,0.94,2.17,1.65,1.75,0.79,0.93,1.6,1.35,2.39,2.19,1.68,2.66,1.52,2.41,2.14,1.21,1.44,2.08,1.17,1.18,1.86,1.06,0.87,2.43,2.09,0.94,1.48,1.51,2.02,1.62,2.21,1.27,2.26,1.42,2.14,1.88,0.94,1.54,1.73,2.17,1.03,2.09
